Uuid,Void/Retire,Name,Description,Program concept,Outcomes concept,_order:500
5789a170-c020-4879-ae39-06b1de26cb5f,yes,HIV Program,HIV Program,HIV,HIV Outcomes,
b968ecad-8451-4193-af0c-dd0072c911a9,yes,TB Program,,,,
78413b6c-385a-4e8c-b475-367c36ac15c2,,General medical check-ups program,,"General medical check-ups clinic ",HIV Outcomes,
60d8ff02-8f86-4657-9fd3-7298c7626d9b,,Orthopedic program,,"Orthopedic clinic ",HIV Outcomes,
ce1864bc-a6cb-4915-a28e-6ef54c58a93f,,Chronic disease management program,,"Chronic disease management clinic ",HIV Outcomes,
a9d6c3fb-9c04-4078-a066-d505ca8465a5,,Physiotherapy and pain management program,,"Physiotherapy and pain management clinic ",HIV Outcomes,
751dbe9a-efd3-42e0-b2fa-a82074411359,,Lifestyle medicine program,,"Lifestyle medicine clinic ",HIV Outcomes,
3a891e5b-047c-4f20-8b84-27349a78f70c,,Cardiac rehabilitation program,,"Cardiac rehabilitation clinic ",HIV Outcomes,
e31d6298-ca8a-4508-92c6-104430e94380,,Pulmonary rehabilitation program,,"Pulmonary rehabilitation clinic ",HIV Outcomes,
85ae69f7-955b-4c5f-a73c-0b2f0258ba74,,Genetic testing for health program,,"Genetic testing for health clinic ",HIV Outcomes,
68453d40-a803-4bc1-b862-6fc3392532a2,,Prenatal and postnatal health program,,"Prenatal and postnatal health clinic ",HIV Outcomes,
53648b91-5d18-4afc-a288-f1863bfc32c5,,Geriatric health program,,"Geriatric health clinic ",HIV Outcomes,
0e739b5c-941c-4483-8c02-ca510a876731,,Exercise nutrition & weight management program,,Exercise nutrition & weight management clinic,HIV Outcomes,
b924aca3-fe67-4a91-860b-44475b53b3ed,,Mental wellness program,,"Mental wellness clinic ",HIV Outcomes,
c61fefc8-f783-43e2-9ff9-d181e749ef0e,,Exercise therapy program,,"Exercise therapy clinic  ",HIV Outcomes,
bc852421-2099-4e6f-aec0-74820e14fe78,,Differently abled health program,,"Differently abled health clinic ",HIV Outcomes,
40229681-6b7d-4e98-9433-40c207a60932,,"Golf better program ",,"Golf better program ",HIV Outcomes,
5679c105-6269-4f61-bc96-1742fd62a7d6,,Women's health program,,Women's health clinic,HIV Outcomes,